Location,Crossnumber,Repeat_Pollination_Date
Sendusu,SE201903_(162544C1/132452),2019-03-19
Sendusu,SE201903_(162949C1/132640),2019-03-20
Sendusu,SE201903_(162775C2/132316),2019-03-20
Sendusu,SE201903_(162775C2/132316),2019-03-22
Sendusu,SE201903_(162775C2/132316),2019-03-23
Sendusu,SE201903_(162824C1/132316),2019-03-27
Sendusu,SE201903_(162824C1/132316),2019-03-28
Sendusu,SE201903_(162807C1/132383),2019-03-29
Sendusu,SE201904_(162653C1/132355),2019-04-04
Sendusu,SE201904_(162653C1/132355),2019-04-05
Sendusu,SE201904_(162653C1/132355),2019-04-06
Sendusu,SE201904_(162868C1/132705),2019-04-10
Sendusu,SE201904_(162868C1/132705),2019-04-11
Sendusu,SE201904_(162820C2/132308),2019-04-13
Sendusu,SE201904_(162764C1/132522),2019-04-17
Sendusu,SE201904_(162920C2/132412),2019-04-18
Sendusu,SE201904_(162920C2/132412),2019-04-19
Sendusu,SE201904_(162904C2/132522),2019-04-20
Sendusu,SE201904_(162453C1/132614),2019-04-24
Sendusu,SE201904_(163361C1/132355),2019-04-26
Sendusu,SE201904_(162920C2/132428),2019-04-27
Sendusu,SE201904_(162920C2/132428),2019-04-29
Sendusu,SE201904_(162920C2/132428),2019-04-30
Sendusu,SE201904_(162602C1/132701),2019-05-01
Sendusu,SE201904_(162602C1/132701),2019-05-02
Sendusu,SE201904_(162602C1/132701),2019-05-03
Sendusu,SE201904_(162602C1/132701),2019-05-04
Sendusu,SE201905_(162825C1/132490),2019-05-06
Sendusu,SE201905_(162560C2/132330),2019-05-09
Sendusu,SE201905_(162560C2/132330),2019-05-10
Sendusu,SE201905_(162509C1/132358),2019-05-16
Sendusu,SE201905_(162516C2/132590),2019-05-17
Sendusu,SE201903_(163015C1/132467),2019-03-20
Sendusu,SE201903_(162775C2/132316),2019-03-21
Sendusu,SE201903_(163363C1/132604),2019-03-22
Sendusu,SE201903_(163363C1/132604),2019-03-23
Sendusu,SE201903_(162807C1/132383),2019-03-27
Sendusu,SE201903_(162807C1/132383),2019-03-28
Sendusu,SE201903_(162783C1/132701),2019-03-29
Sendusu,SE201903_(162807C1/132383),2019-04-30
Sendusu,SE201904_(162913C1/132398),2019-04-03
Sendusu,SE201904_(162913C1/132398),2019-04-04
Sendusu,SE201904_(162913C1/132398),2019-04-05
Sendusu,SE201904_(162913C1/132398),2019-04-06
Sendusu,SE201904_(162571C1/132329),2019-04-08
Sendusu,SE201904_(162571C1/132329),2019-04-09
Sendusu,SE201904_(162887C1/132548),2019-04-13
Sendusu,SE201904_(162851C2/132507),2019-04-18
Sendusu,SE201904_(162764C1/132522),2019-04-19
Sendusu,SE201904_(162637C1/132512),2019-04-20
Sendusu,SE201904_(162904C2/132522),2019-04-22
Sendusu,SE201904_(162647C2/132308),2019-04-25
Sendusu,SE201904_(162510C1/132696),2019-04-26
Sendusu,SE201904_(162510C1/132696),2019-04-27
Sendusu,SE201905_(162825C1/132490),2019-05-03
Sendusu,SE201905_(162825C1/132490),2019-05-04
Sendusu,SE201905_(162831C2/132625),2019-05-06
Sendusu,SE201905_(162831C2/132625),2019-05-07
Sendusu,SE201905_(162831C2/132625),2019-05-08
Sendusu,SE201905_(162831C2/132625),2019-05-09
Sendusu,SE201905_(162560C2/132330),2019-05-11
Sendusu,SE201905_(162644C1/132604),2019-05-15
Sendusu,SE201905_(162509C1/132358),2019-05-17
Sendusu,SE201905_(162516C2/132590),2019-05-18
Sendusu,SE201905_(162551C1/132425),2019-05-23
Sendusu,SE201903_(162949C1/132640),2019-03-19
Sendusu,SE201903_(163075C1/132466),2019-03-20
Sendusu,SE201903_(163075C1/132466),2019-03-21
Sendusu,SE201903_(162373C1/132466),2019-03-22
Sendusu,SE201903_(162373C1/132466),2019-03-23
Sendusu,SE201903_(162722C1/132348),2019-03-27
Sendusu,SE201903_(162649C1/132548),2019-03-29
Sendusu,SE201903_(162807C1/132383),2019-04-01
Sendusu,SE201904_(162874C1/132466),2019-04-04
Sendusu,SE201904_(162874C1/132466),2019-04-05
Sendusu,SE201904_(162874C1/132466),2019-04-06
Sendusu,SE201904_(162809C1/132410),2019-04-08
Sendusu,SE201904_(162809C1/132410),2019-04-09
Sendusu,SE201904_(162887C1/132548),2019-04-10
Sendusu,SE201904_(162887C1/132548),2019-04-11
Sendusu,SE201904_(162639C1/132623),2019-04-13
Sendusu,SE201904_(162851C2/132507),2019-04-17
Sendusu,SE201904_(162851C2/132507),2019-04-19
Sendusu,SE201904_(162637C1/132512),2019-04-22
Sendusu,SE201904_(162904C2/132522),2019-04-23
Sendusu,SE201904_(162647C2/132308),2019-04-24
Sendusu,SE201904_(162510C1/132696),2019-04-25
Sendusu,SE201904_(162647C2/132308),2019-04-26
Sendusu,SE201904_(162504C2/132608),2019-04-27
Sendusu,SE201904_(162760C1/132490),2019-04-29
Sendusu,SE201904_(162760C1/132490),2019-04-30
Sendusu,SE201905_(162831C2/132625),2019-05-04
Sendusu,SE201905_(162660C1/132448),2019-05-07
Sendusu,SE201905_(162660C1/132448),2019-05-08
Sendusu,SE201905_(162660C1/132448),2019-05-09
Sendusu,SE201905_(162660C1/132448),2019-05-10
Sendusu,SE201905_(162509C1/132358),2019-05-18
Sendusu,SE201905_(162516C2/132590),2019-05-20
Sendusu,SE201905_(163207C1/132466),2019-05-23
Sendusu,SE201903_(163075C1/132466),2019-03-19
Sendusu,SE201903_(162405C1/132571),2019-03-20
Sendusu,SE201903_(163015C1/132467),2019-03-21
Sendusu,SE201903_(162895C1/132439),2019-03-22
Sendusu,SE201903_(162750C2/132533),2019-03-29
Sendusu,SE201904_(162830C1/132344),2019-04-04
Sendusu,SE201904_(162830C1/132344),2019-04-05
Sendusu,SE201904_(162571C1/132329),2019-04-06
Sendusu,SE201904_(162887C1/132548),2019-04-12
Sendusu,SE201904_(162645C1/132361),2019-04-17
Sendusu,SE201904_(162645C1/132361),2019-04-18
Sendusu,SE201904_(162785C1/132604),2019-04-20
Sendusu,SE201904_(162844C1/132466),2019-04-22
Sendusu,SE201904_(162844C1/132466),2019-04-23
Sendusu,SE201904_(162872C1/132701),2019-04-29
Sendusu,SE201904_(162872C1/132701),2019-04-30
Sendusu,SE201904_(162760C1/132490),2019-05-01
Sendusu,SE201904_(162760C1/132490),2019-05-02
Sendusu,SE201905_(162755C2/132412),2019-05-07
Sendusu,SE201905_(162755C2/132412),2019-05-08
Sendusu,SE201905_(162660C1/132448),2019-05-11
Sendusu,SE201905_(162965C1/132568),2019-05-14
Sendusu,SE201905_(162706C1/132705),2019-05-15
Sendusu,SE201905_(162538C2/132448),2019-05-17
Sendusu,SE201905_(162968C1/132434),2019-05-22
Sendusu,SE201905_(163097C2/132561),2019-05-23
Sendusu,SE201903_(163015C1/132467),2019-03-19
Sendusu,SE201903_(162357C1/132383),2019-03-20
Sendusu,SE201903_(163363C1/132604),2019-03-20
Sendusu,SE201903_(162895C1/132439),2019-03-23
Sendusu,SE201903_(163153C1/132623),2019-03-29
Sendusu,SE201903_(162649C1/132548),2019-04-30
Sendusu,SE201904_(162886C1/132466),2019-04-03
Sendusu,SE201904_(162571C1/132329),2019-04-05
Sendusu,SE201904_(162809C1/132410),2019-04-06
Sendusu,SE201904_(162892C2/132548),2019-04-09
Sendusu,SE201904_(163027C1/132439),2019-04-10
Sendusu,SE201904_(162639C1/132623),2019-04-11
Sendusu,SE201904_(163027C1/132439),2019-04-13
Sendusu,SE201904_(162820C2/132308),2019-04-15
Sendusu,SE201904_(162820C2/132308),2019-04-16
Sendusu,SE201904_(162637C1/132512),2019-04-17
Sendusu,SE201904_(162764C1/132522),2019-04-18
Sendusu,SE201904_(162637C1/132512),2019-04-19
Sendusu,SE201904_(162785C1/132604),2019-04-22
Sendusu,SE201904_(162621C1/132439),2019-04-24
Sendusu,SE201904_(162621C1/132439),2019-04-25
Sendusu,SE201904_(162504C2/132608),2019-04-26
Sendusu,SE201904_(162872C1/132701),2019-04-27
Sendusu,SE201904_(162530C2/132608),2019-04-29
Sendusu,SE201904_(162530C2/132608),2019-04-30
Sendusu,SE201904_(162530C2/132608),2019-05-01
Sendusu,SE201904_(162530C2/132608),2019-05-02
Sendusu,SE201905_(162755C2/132412),2019-05-04
Sendusu,SE201905_(162755C2/132412),2019-05-06
Sendusu,SE201905_(163017C1/132330),2019-05-09
Sendusu,SE201905_(162845C1/132594),2019-05-10
Sendusu,SE201905_(163051C1/132684),2019-05-14
Sendusu,SE201905_(162706C1/132705),2019-05-16
Sendusu,SE201905_(162538C2/132448),2019-05-18
Sendusu,SE201905_(163097C2/132561),2019-05-22
Sendusu,SE201903_(162962C1/132533),2019-03-19
Sendusu,SE201903_(163363C1/132604),2019-03-21
Sendusu,SE201903_(162895C1/132439),2019-03-25
Sendusu,SE201903_(163079C1/132308),2019-03-29
Sendusu,SE201903_(162649C1/132548),2019-04-01
Sendusu,SE201903_(162783C1/132701),2019-04-02
Sendusu,SE201904_(162809C1/132410),2019-04-05
Sendusu,SE201904_(163096C1/132419),2019-04-08
Sendusu,SE201904_(163161C2/132412),2019-04-10
Sendusu,SE201904_(162639C1/132623),2019-04-12
Sendusu,SE201904_(162820C2/132308),2019-04-17
Sendusu,SE201904_(162637C1/132512),2019-04-18
Sendusu,SE201904_(162785C1/132604),2019-04-19
Sendusu,SE201904_(162900C2/132466),2019-04-23
Sendusu,SE201904_(162964C1/132412),2019-04-24
Sendusu,SE201904_(162590C1/132623),2019-04-29
Sendusu,SE201904_(162590C1/132623),2019-04-30
Sendusu,SE201905_(162990C2/132623),2019-05-03
Sendusu,SE201905_(162853C1/132495),2019-05-04
Sendusu,SE201905_(163102C1/132466),2019-05-06
Sendusu,SE201905_(162937C2/132684),2019-05-08
Sendusu,SE201905_(162937C2/132684),2019-05-09
Sendusu,SE201905_(162845C1/132594),2019-05-11
Sendusu,SE201905_(162706C1/132705),2019-05-17
Sendusu,SE201905_(162538C2/132448),2019-05-20
Sendusu,SE201905_(163207C1/132466),2019-05-22
Sendusu,SE201903_(163155C1/132534),2019-03-19
Sendusu,SE201903_(162373C1/132466),2019-03-20
Sendusu,SE201903_(163399C1/132533),2019-03-29
Sendusu,SE201903_(162750C2/132533),2019-04-30
Sendusu,SE201904_(163095C1/132308),2019-04-03
Sendusu,SE201904_(162886C1/132466),2019-04-04
Sendusu,SE201904_(163096C1/132419),2019-04-06
Sendusu,SE201904_(163027C1/132439),2019-04-09
Sendusu,SE201904_(163275C1/132361),2019-04-10
Sendusu,SE201904_(163027C1/132439),2019-04-11
Sendusu,SE201904_(162785C1/132604),2019-04-18
Sendusu,SE201904_(162612C2/132355),2019-04-20
Sendusu,SE201904_(162900C2/132466),2019-04-22
Sendusu,SE201904_(162567C1/132512),2019-04-23
Sendusu,SE201904_(162693C1/132490),2019-04-27
Sendusu,SE201904_(162693C1/132490),2019-04-29
Sendusu,SE201904_(162959C2/132623),2019-04-30
Sendusu,SE201904_(163124C1/132425),2019-05-01
Sendusu,SE201905_(163102C1/132466),2019-05-07
Sendusu,SE201905_(162941C2/132361),2019-05-08
Sendusu,SE201905_(162941C2/132361),2019-05-09
Sendusu,SE201905_(163017C1/132330),2019-05-10
Sendusu,SE201905_(162965C1/132568),2019-05-15
Sendusu,SE201903_(163046C1/132467),2019-03-19
Sendusu,SE201903_(162373C1/132466),2019-03-21
Sendusu,SE201903_(163399C1/132533),2019-03-28
Sendusu,SE201903_(162750C2/132533),2019-04-01
Sendusu,SE201903_(163153C1/132623),2019-04-02
Sendusu,SE201904_(163097C1/132696),2019-04-08
Sendusu,SE201904_(162372C1/132696),2019-04-10
Sendusu,SE201904_(163027C1/132439),2019-04-12
Sendusu,SE201904_(163161C2/132412),2019-04-13
Sendusu,SE201904_(162862C1/132512),2019-04-16
Sendusu,SE201904_(162855C1/132439),2019-04-17
Sendusu,SE201904_(162612C2/132355),2019-04-19
Sendusu,SE201904_(162686C1/132361),2019-04-20
Sendusu,SE201904_(162567C1/132512),2019-04-22
Sendusu,SE201904_(162686C1/132361),2019-04-23
Sendusu,SE201904_(162964C1/132412),2019-04-25
Sendusu,SE201904_(162959C2/132623),2019-04-29
Sendusu,SE201904_(163124C1/132425),2019-04-30
Sendusu,SE201905_(162431C1/132332),2019-05-04
Sendusu,SE201905_(163080C2/132545),2019-05-06
Sendusu,SE201905_(163271C1/132545),2019-05-08
Sendusu,SE201905_(163262C2/132425),2019-05-09
Sendusu,SE201905_(163017C1/132330),2019-05-11
Sendusu,SE201905_(163375C2/132361),2019-05-13
Sendusu,SE201905_(163224C1/132425),2019-05-14
Sendusu,SE201903_(163295C1/132533),2019-03-19
Sendusu,SE201903_(162357C1/132383),2019-03-21
Sendusu,SE201903_(162828C1/132355),2019-03-25
Sendusu,SE201903_(163212C1/132396),2019-03-29
Sendusu,SE201903_(163153C1/132623),2019-04-30
Sendusu,SE201904_(163404C2/132623),2019-04-03
Sendusu,SE201904_(163096C1/132419),2019-04-05
Sendusu,SE201904_(162485C1/132614),2019-04-06
Sendusu,SE201904_(162459C1/132361),2019-04-10
Sendusu,SE201904_(163161C2/132412),2019-04-11
Sendusu,SE201904_(162377C1/132361),2019-04-16
Sendusu,SE201904_(162862C1/132512),2019-04-17
Sendusu,SE201904_(162686C1/132361),2019-04-19
Sendusu,SE201904_(162686C1/132361),2019-04-22
Sendusu,SE201904_(163125C2/132361),2019-04-24
Sendusu,SE201904_(162959C2/132623),2019-04-27
Sendusu,SE201904_(163124C1/132425),2019-04-29
Sendusu,SE201905_(163389C1/132571),2019-05-04
Sendusu,SE201905_(163080C2/132545),2019-05-07
Sendusu,SE201905_(163262C2/132425),2019-05-08
Sendusu,SE201905_(162937C2/132684),2019-05-10
Sendusu,SE201905_(162454C1/132361),2019-05-14
Sendusu,SE201905_(163051C1/132684),2019-05-15
Sendusu,SE201903_(162405C1/132571),2019-03-19
Sendusu,SE201903_(162828C1/132355),2019-03-26
Sendusu,SE201903_(163318C1/132396),2019-03-29
Sendusu,SE201903_(163153C1/132623),2019-04-01
Sendusu,SE201904_(163345C2/132410),2019-04-03
Sendusu,SE201904_(163095C1/132308),2019-04-05
Sendusu,SE201904_(163161C2/132412),2019-04-12
Sendusu,SE201904_(163121C1/132439),2019-04-17
Sendusu,SE201904_(163008C1/132412),2019-04-18
Sendusu,SE201904_(162612C2/132355),2019-04-22
Sendusu,SE201904_(163125C2/132361),2019-04-23
Sendusu,SE201904_(163332C2/132448),2019-04-24
Sendusu,SE201904_(163125C2/132361),2019-04-25
Sendusu,SE201904_(162959C2/132623),2019-04-26
Sendusu,SE201904_(163125C2/132361),2019-04-27
Sendusu,SE201904_(162453C1/132614),2019-04-29
Sendusu,SE201905_(163211C1/132608),2019-05-04
Sendusu,SE201905_(163262C2/132425),2019-05-06
Sendusu,SE201905_(162941C2/132361),2019-05-07
Sendusu,SE201905_(162937C2/132684),2019-05-11
Sendusu,SE201905_(162488C1/132412),2019-05-14
Sendusu,SE201905_(163210C2/132489),2019-05-15
Sendusu,SE201903_(162828C1/132355),2019-03-27
Sendusu,SE201903_(163318C1/132396),2019-03-28
Sendusu,SE201903_(163079C1/132308),2019-04-30
Sendusu,SE201904_(163095C1/132308),2019-04-04
Sendusu,SE201904_(163097C1/132696),2019-04-05
Sendusu,SE201904_(163275C1/132361),2019-04-11
Sendusu,SE201904_(163197C1/132623),2019-04-16
Sendusu,SE201904_(163008C1/132412),2019-04-17
Sendusu,SE201904_(163105C2/132466),2019-04-18
Sendusu,SE201904_(163054C2/132512),2019-04-23
Sendusu,SE201904_(163361C1/132355),2019-04-24
Sendusu,SE201904_(163361C1/132355),2019-04-25
Sendusu,SE201904_(163125C2/132361),2019-04-26
Sendusu,SE201905_(163271C1/132545),2019-05-06
Sendusu,SE201905_(163271C1/132545),2019-05-07
Sendusu,SE201905_(163322C1/132623),2019-05-15
Sendusu,SE201903_(162507C1/132355),2019-03-22
Sendusu,SE201903_(162371C2/132581),2019-03-28
Sendusu,SE201903_(163079C1/132308),2019-04-01
Sendusu,SE201903_(163399C1/132533),2019-04-02
Sendusu,SE201904_(163410C2/132398),2019-04-03
Sendusu,SE201904_(163393C1/132705),2019-04-13
Sendusu,SE201904_(163105C2/132466),2019-04-17
Sendusu,SE201904_(163270C1/132512),2019-04-18
Sendusu,SE201904_(163376C1/132705),2019-04-20
Sendusu,SE201904_(163332C2/132448),2019-04-25
Sendusu,SE201904_(163361C1/132355),2019-04-27
Sendusu,SE201905_(163389C1/132571),2019-05-06
Sendusu,SE201905_(163262C2/132425),2019-05-07
Sendusu,SE201905_(163224C1/132425),2019-05-15
Sendusu,SE201905_(163322C1/132623),2019-05-16
Sendusu,SE201903_(162357C1/132383),2019-03-19
Sendusu,SE201903_(162507C1/132355),2019-03-23
Sendusu,SE201903_(163212C1/132396),2019-04-03
Sendusu,SE201904_(163404C2/132623),2019-04-05
Sendusu,SE201904_(162372C1/132696),2019-04-11
Sendusu,SE201904_(162377C1/132361),2019-04-13
Sendusu,SE201904_(163270C1/132512),2019-04-17
Sendusu,SE201904_(163376C1/132705),2019-04-18
Sendusu,SE201904_(163259C1/132696),2019-04-20
Sendusu,SE201904_(163054C2/132512),2019-04-22
Sendusu,SE201904_(163332C2/132448),2019-04-23
Sendusu,SE201904_(163349C1/132439),2019-04-26
Sendusu,SE201904_(162365C1/132571),2019-04-27
Sendusu,SE201905_(162431C1/132332),2019-05-06
Sendusu,SE201905_(162431C1/132332),2019-05-07
Sendusu,SE201905_(163375C2/132361),2019-05-10
Sendusu,SE201905_(162454C1/132361),2019-05-15
Sendusu,SE201903_(162718C1/132348),2019-03-25
Sendusu,SE201903_(163397C1/132466),2019-04-02
Sendusu,SE201904_(163404C2/132623),2019-04-04
Sendusu,SE201904_(163345C2/132410),2019-04-05
Sendusu,SE201904_(162372C1/132696),2019-04-12
Sendusu,SE201904_(162372C1/132696),2019-04-13
Sendusu,SE201904_(163226C1/132623),2019-04-17
Sendusu,SE201904_(163259C1/132696),2019-04-18
Sendusu,SE201904_(163376C1/132705),2019-04-19
Sendusu,SE201904_(162453C1/132614),2019-04-27
Sendusu,SE201905_(163375C2/132361),2019-05-11
Sendusu,SE201905_(162488C1/132412),2019-05-15
Sendusu,SE201903_(162718C1/132348),2019-03-26
Sendusu,SE201903_(163212C1/132396),2019-04-02
Sendusu,SE201904_(162430C1/132419),2019-04-03
Sendusu,SE201904_(163345C2/132410),2019-04-04
Sendusu,SE201904_(163365C1/132344),2019-04-05
Sendusu,SE201904_(162419C1/132469),2019-04-13
Sendusu,SE201904_(163270C1/132512),2019-04-16
Sendusu,SE201904_(162377C1/132361),2019-04-18
Sendusu,SE201904_(163259C1/132696),2019-04-19
Sendusu,SE201904_(163332C2/132448),2019-04-22
Sendusu,SE201904_(162453C1/132614),2019-04-25
Sendusu,SE201904_(162453C1/132614),2019-04-26
Sendusu,SE201903_(162718C1/132348),2019-03-27
Sendusu,SE201903_(163399C1/132533),2019-04-30
Sendusu,SE201904_(162427C2/132614),2019-04-03
Sendusu,SE201904_(163365C1/132344),2019-04-04
Sendusu,SE201904_(163410C2/132398),2019-04-05
Sendusu,SE201904_(162459C1/132361),2019-04-11
Sendusu,SE201904_(162459C1/132361),2019-04-13
Sendusu,SE201904_(163393C1/132705),2019-04-15
Sendusu,SE201904_(163105C2/132466),2019-04-16
Sendusu,SE201903_(163399C1/132533),2019-04-01
Sendusu,SE201904_(162427C2/132614),2019-04-02
Sendusu,SE201904_(163410C2/132398),2019-04-04
Sendusu,SE201904_(162485C1/132614),2019-04-05
Sendusu,SE201904_(162459C1/132361),2019-04-12
Sendusu,SE201904_(162377C1/132361),2019-04-15
Sendusu,SE201904_(163121C1/132439),2019-04-16
Sendusu,SE201904_(163304C1/132466),2019-04-17
Sendusu,SE201903_(163397C1/132466),2019-04-30
Sendusu,SE201904_(162485C1/132614),2019-04-04
Sendusu,SE201904_(162419C1/132469),2019-04-15
Sendusu,SE201904_(162377C1/132361),2019-04-17
Sendusu,SE201903_(163047C1/132581),2019-03-23
Sendusu,SE201903_(163397C1/132466),2019-04-01
Sendusu,SE201904_(162430C1/132419),2019-04-04
Sendusu,SE201904_(162963C1/132548),2019-04-16
Sendusu,SE201903_(163047C1/132581),2019-03-25
Sendusu,SE201904_(162427C2/132614),2019-04-04
Sendusu,SE201903_(163047C1/132581),2019-03-26
Sendusu,SE201903_(163212C1/132396),2019-04-30
Sendusu,SE201903_(163047C1/132581),2019-03-27
Sendusu,SE201903_(163212C1/132396),2019-04-01
Sendusu,SE201903_(162989C1/132705),2019-03-23
Sendusu,SE201903_(162989C1/132705),2019-03-25
Sendusu,SE201903_(162989C1/132705),2019-03-26
Sendusu,SE201903_(162989C1/132705),2019-03-27
Sendusu,SE201903_(163307C1/132348),2019-03-22
Sendusu,SE201903_(163307C1/132348),2019-03-23
Sendusu,SE201903_(163307C1/132348),2019-03-25
Sendusu,SE201903_(163307C1/132348),2019-03-26
Sendusu,SE201903_(163399C1/132533),2019-03-27
Sendusu,SE201903_(163245C1/132623),2019-03-22
Sendusu,SE201903_(163245C1/132623),2019-03-23
Sendusu,SE201903_(163245C1/132623),2019-03-25
Sendusu,SE201903_(163245C1/132623),2019-03-26
Sendusu,SE201903_(163382C1/132701),2019-03-25
Sendusu,SE201903_(163382C1/132701),2019-03-26
Sendusu,SE201903_(162362C1/132466),2019-03-23
Sendusu,SE201903_(162362C1/132466),2019-03-25
Sendusu,SE201903_(162371C2/132581),2019-03-27
Sendusu,SE201810_(162374C1/132566),2018-10-18
Sendusu,SE201810_(162432C1/132315),2018-10-26
Sendusu,SE201810_(162490C1/132635),2018-11-03
Sendusu,SE201810_(162504C1/132625),2018-10-23
Sendusu,SE201810_(162514C1/132625),2018-10-16
Sendusu,SE201810_(162548C1/132624),2018-10-26
Sendusu,SE201810_(162554C1/132697),2018-10-31
Sendusu,SE201810_(162600C1/132348),2018-10-17
Sendusu,SE201810_(162729C1/132425),2018-10-23
Sendusu,SE201810_(162737C1/132441),2018-10-30
Sendusu,SE201810_(162750C1/132635),2018-10-29
Sendusu,SE201810_(162775C1/132441),2018-10-13
Sendusu,SE201810_(162784C1/132697),2018-10-31
Sendusu,SE201810_(162792C1/132512),2018-10-26
Sendusu,SE201810_(162800C1/132610),2018-10-26
Sendusu,SE201810_(162836C1/132307),2018-10-12
Sendusu,SE201810_(162843C1/132348),2018-10-12
Sendusu,SE201810_(162857C1/132625),2018-10-26
Sendusu,SE201810_(162900C1/132512),2018-10-17
Sendusu,SE201810_(162904C1/132709),2018-10-27
Sendusu,SE201810_(162920C1/132505),2018-10-23
Sendusu,SE201810_(162957C1/132425),2018-10-17
Sendusu,SE201810_(162959C1/132498),2018-10-26
Sendusu,SE201810_(162974C1/132441),2018-10-23
Sendusu,SE201810_(162995C1/132610),2018-10-25
Sendusu,SE201810_(163054C1/132684),2018-11-03
Sendusu,SE201810_(163090C1/132709),2018-10-17
Sendusu,SE201810_(163171C1/132348),2018-10-29
Sendusu,SE201810_(163174C1/132697),2018-10-29
Sendusu,SE201810_(163220C1/132512),2018-10-12
Sendusu,SE201810_(163240C1/132512),2018-10-26
Sendusu,SE201810_(163244C1/132348),2018-10-26
Sendusu,SE201810_(163254C1/132441),2018-10-26
Sendusu,SE201810_(163262C1/132505),2018-10-27
Sendusu,SE201810_(163312C1/132635),2018-10-18
Sendusu,SE201810_(163359C1/132512),2018-10-11
Sendusu,SE201810_(163375C1/132625),2018-11-01
Sendusu,SE201811_(162378C1/132635),2018-11-10
Sendusu,SE201811_(162432C1/132512),2018-11-13
Sendusu,SE201811_(162501C1/132608),2018-11-28
Sendusu,SE201811_(162516C1/132566),2018-11-12
Sendusu,SE201811_(162529C1/132697),2018-11-17
Sendusu,SE201811_(162530C1/132624),2018-11-09
Sendusu,SE201811_(162533C1/132316),2018-11-23
Sendusu,SE201811_(162538C1/132709),2018-11-22
Sendusu,SE201811_(162550C1/132441),2018-11-30
Sendusu,SE201811_(162566C1/132373),2018-11-27
Sendusu,SE201811_(162572C1/132522),2018-11-28
Sendusu,SE201811_(162613C1/132709),2018-11-15
Sendusu,SE201811_(162626C1/132379),2018-11-27
Sendusu,SE201811_(162643C1/132617),2018-11-26
Sendusu,SE201811_(162658C1/132339),2018-11-19
Sendusu,SE201811_(162659C1/132697),2018-11-12
Sendusu,SE201811_(162666C1/132635),2018-11-17
Sendusu,SE201811_(162675C1/132640),2018-11-23
Sendusu,SE201811_(162677C1/132522),2018-11-26
Sendusu,SE201811_(162708C1/132624),2018-11-02
Sendusu,SE201811_(162709C1/132310),2018-11-27
Sendusu,SE201811_(162721C1/132505),2018-11-16
Sendusu,SE201811_(162724C1/132566),2018-11-06
Sendusu,SE201811_(162736C1/132484),2018-11-30
Sendusu,SE201811_(162752C1/132608),2018-11-27
Sendusu,SE201811_(162755C1/132649),2018-11-15
Sendusu,SE201811_(162769C1/132617),2018-11-06
Sendusu,SE201811_(162803C1/132707),2018-11-27
Sendusu,SE201811_(162820C1/132610),2018-11-02
Sendusu,SE201811_(162823C1/132403),2018-11-19
Sendusu,SE201811_(162831C1/132610),2018-11-12
Sendusu,SE201811_(162860C1/132617),2018-11-22
Sendusu,SE201811_(162871C1/132498),2018-11-09
Sendusu,SE201811_(162891C1/132512),2018-11-15
Sendusu,SE201811_(162893C1/132348),2018-11-27
Sendusu,SE201811_(162894C1/132512),2018-11-27
Sendusu,SE201811_(162897C1/132608),2018-11-12
Sendusu,SE201811_(162926C1/132684),2018-11-08
Sendusu,SE201811_(162928C1/132709),2018-11-07
Sendusu,SE201811_(162937C1/132650),2018-11-28
Sendusu,SE201811_(162956C1/132348),2018-11-28
Sendusu,SE201811_(162979C1/132475),2018-11-28
Sendusu,SE201811_(162984C1/132697),2018-11-29
Sendusu,SE201811_(162990C1/132625),2018-11-12
Sendusu,SE201811_(163004C1/132625),2018-11-20
Sendusu,SE201811_(163028C1/132649),2018-11-12
Sendusu,SE201811_(163052C1/132403),2018-11-20
Sendusu,SE201811_(163100C1/132441),2018-11-16
Sendusu,SE201811_(163105C1/132330),2018-11-12
Sendusu,SE201811_(163122C1/132696),2018-11-26
Sendusu,SE201811_(163125C1/132505),2018-11-20
Sendusu,SE201811_(163140C1/132635),2018-11-22
Sendusu,SE201811_(163151C1/132649),2018-11-22
Sendusu,SE201811_(163189C1/132514),2018-11-19
Sendusu,SE201811_(163210C1/132425),2018-11-06
Sendusu,SE201811_(163221C1/132403),2018-11-24
Sendusu,SE201811_(163252C1/132348),2018-11-24
Sendusu,SE201811_(163257C1/132566),2018-11-15
Sendusu,SE201811_(163288C1/132566),2018-11-12
Sendusu,SE201811_(163290C1/132498),2018-11-16
Sendusu,SE201811_(163327C1/132522),2018-11-10
Sendusu,SE201811_(163331C1/132649),2018-11-24
Sendusu,SE201811_(163332C1/132505),2018-11-10
Sendusu,SE201811_(163370C1/132610),2018-11-06
Sendusu,SE201811_(163373C1/132425),2018-11-07
Sendusu,SE201811_(163404C1/132348),2018-11-14
Sendusu,SE201811_(163407C1/132348),2018-11-12
Sendusu,SE201812_(162398C1/132316),2018-12-20
Sendusu,SE201812_(162428C1/132354),2018-12-18
Sendusu,SE201812_(162494C1/132684),2018-12-14
Sendusu,SE201812_(162500C1/132625),2018-12-21
Sendusu,SE201812_(162526C1/132684),2018-12-04
Sendusu,SE201812_(162681C1/132316),2018-12-05
Sendusu,SE201812_(162682C1/132707),2018-12-08
Sendusu,SE201812_(162763C1/132684),2018-12-15
Sendusu,SE201812_(162851C1/132707),2018-12-04
Sendusu,SE201812_(162892C1/132498),2018-12-08
Sendusu,SE201812_(162971C1/132332),2018-12-21
Sendusu,SE201812_(162992C1/132484),2018-12-21
Sendusu,SE201812_(163073C1/132608),2018-12-17
Sendusu,SE201812_(163113C1/132505),2018-12-17
Sendusu,SE201812_(163146C1/132452),2018-12-15
Sendusu,SE201812_(163215C1/132484),2018-12-07
Sendusu,SE201812_(163253C1/132379),2018-12-18
Sendusu,SE201812_(163287C1/132697),2018-12-14
Sendusu,SE201812_(163345C1/132332),2018-12-18
Sendusu,SE201812_(163357C1/132381),2018-12-20
Sendusu,SE201812_(163391C1/132709),2018-12-21
Sendusu,SE201901_(162520C1/132348),2019-01-18
Sendusu,SE201901_(162528C1/132316),2019-01-15
Sendusu,SE201901_(162589C1/132635),2019-01-16
Sendusu,SE201901_(162605C1/132374),2019-01-19
Sendusu,SE201901_(162614C1/132709),2019-01-15
Sendusu,SE201901_(162627C1/132640),2019-01-18
Sendusu,SE201901_(162701C1/132379),2019-01-18
Sendusu,SE201901_(162758C1/132709),2019-01-19
Sendusu,SE201901_(162776C1/132696),2019-01-07
Sendusu,SE201901_(162786C1/132635),2019-01-15
Sendusu,SE201901_(162814C1/132379),2019-01-18
Sendusu,SE201901_(162921C1/132316),2019-01-18
Sendusu,SE201901_(163002C1/132635),2019-01-16
Sendusu,SE201901_(163080C1/132576),2019-01-19
Sendusu,SE201901_(163145C1/132624),2019-01-19
Sendusu,SE201902_(162565C1/132361),2019-02-13
Sendusu,SE201902_(162579C1/132594),2019-02-13
Sendusu,SE201902_(162592C1/132708),2019-02-11
Sendusu,SE201902_(162601C1/132441),2019-02-15
Sendusu,SE201902_(162609C1/132640),2019-02-27
Sendusu,SE201902_(162633C1/132308),2019-02-27
Sendusu,SE201902_(162657C1/132386),2019-02-14
Sendusu,SE201902_(162667C1/132466),2019-02-25
Sendusu,SE201902_(162707C1/132507),2019-02-08
Sendusu,SE201902_(162713C1/132452),2019-02-11
Sendusu,SE201902_(162720C1/132374),2019-02-11
Sendusu,SE201902_(162730C1/132470),2019-02-13
Sendusu,SE201902_(162741C1/132612),2019-02-13
Sendusu,SE201902_(162782C1/132393),2019-02-11
Sendusu,SE201902_(162834C1/132494),2019-02-21
Sendusu,SE201902_(162869C1/132552),2019-02-25
Sendusu,SE201902_(162885C1/132374),2019-02-22
Sendusu,SE201902_(162888C1/132393),2019-02-13
Sendusu,SE201902_(162898C1/132624),2019-02-08
Sendusu,SE201902_(162941C1/132680),2019-02-12
Sendusu,SE201902_(162977C1/132452),2019-02-12
Sendusu,SE201902_(162996C1/132640),2019-02-26
Sendusu,SE201902_(163060C1/132680),2019-02-11
Sendusu,SE201902_(163068C1/132707),2019-02-27
Sendusu,SE201902_(163092C1/132447),2019-02-13
Sendusu,SE201902_(163170C1/132355),2019-02-14
Sendusu,SE201902_(163289C1/132383),2019-02-12
Sendusu,SE201902_(163359C1/132624),2019-02-23
Sendusu,SE201903_(162422C1/132467),2019-03-07
Sendusu,SE201903_(162473C1/132575),2019-03-07
Sendusu,SE201903_(162555C1/132392),2019-03-06
Sendusu,SE201903_(162631C1/132548),2019-03-04
Sendusu,SE201903_(162651C1/132507),2019-03-04
Sendusu,SE201903_(162818C1/132374),2019-03-04
Sendusu,SE201903_(162858C1/132452),2019-03-06
Sendusu,SE201903_(162875C1/132410),2019-03-04
Sendusu,SE201903_(162910C1/132576),2019-03-06
Sendusu,SE201903_(162925C1/132466),2019-03-04
Sendusu,SE201903_(163120C1/132425),2019-03-04
Sendusu,SE201903_(163220C1/132374),2019-03-06
Sendusu,SE201903_(163325C1/132608),2019-03-06
Sendusu,SE201903_(163396C1/132534),2019-03-07
Sendusu,SE201903_(C1/132326),2019-03-09
Sendusu,SE201903_(C1/132466),2019-03-11
Sendusu,SE201903_(C1/132545),2019-03-09
Sendusu,SE201903_(C1/132604),2019-03-12
Sendusu,SE201903_(C1/132623),2019-03-09
Sendusu,SE201903_(C1/132696),2019-03-09
Sendusu,SE201903_(162524C1/132533),2019-03-13
Sendusu,SE201903_(162692C1/132467),2019-03-13
Sendusu,SE201903_(162716C1/132355),2019-03-13
Sendusu,SE201903_(162854C1/132571),2019-03-13
Sendusu,SE201903_(163011C1/132623),2019-03-14
Sendusu,SE201903_(163167C1/132604),2019-03-14
Sendusu,SE201903_(163328C1/132705),2019-03-14
Sendusu,SE201903_(162416C1/132614),2019-03-15
Sendusu,SE201903_(162962C1/132533),2019-03-15
Sendusu,SE201903_(163155C1/132534),2019-03-15
Sendusu,SE201903_(163188C1/132355),2019-03-15
