FemalePlotName,Crossnumber_1,Crossnumber_2,Crossnumber_3,number_crosses
Nakasabira_14_Phase1_R33C10,SE201811_(162516C1/132566),SE201905_(162516C2/132590),,2
Tereza_14_Phase1_R17C13,SE201811_(162613C1/132709),,,1
Nakyetengu_14_Phase1_R8C2,SE201812_(162623C1/132522),,,1
Enzirabahima_14_Phase1_R27C6,SE201811_(162658C1/132339),,,1
Nakasabira_16_Phase3_R32C1,SE201811_(163331C1/132649),,,1
Entukura_14_Phase1_R5C18,SE201811_(162709C1/132310),,,1
Enzirabahima_14_Phase1_R25C6,SE201811_(162501C1/132608),,,1
Entukura_14_Phase2_R4C10,SE201812_(163073C1/132608),,,1
Entukura_14_Phase1_R6C13,SE201812_(162577C1/132624),,,1
Tereza_14_Phase1_R18C9,SE201812_(162847C1/132330),,,1
Kazirakwe_14_Phase1_R30C8,SE201901_(162517C1/132348),,,1
Entukura_16_Phase3_R5C5,SE201903_(163220C1/132374),SE201810_(163220C1/132512),,2
Entukura_14_Phase1_R6C6,SE201901_(162701C1/132379),,,1
Entukura_14_Phase1_R5C5,SE201902_(162592C1/132708),,,1
Entukura_16_Phase3_R6C1,SE201902_(163289C1/132383),,,1
Kabucuragye_14_Phase1_R21C3,SE201902_(162834C1/132494),,,1
Nakyetengu_14_Phase2_R8C8,SE201903_(163082C1/132594),,,1
Nfuuka_14_Phase1_R15C12,SE201903_(C1/132326),SE201811_(162891C1/132512),,2
Kabucuragye_14_Phase1_R19C1,SE201903_(162692C1/132467),,,1
Enzirabahima_14_Phase2_R26C4,SE201903_(163167C1/132604),,,1
Nakasabira_14_Phase1_R32C2,SE201903_(162722C1/132348),,,1
Nakasabira_14_Phase1_R32C17,SE201903_(162750C2/132533),SE201810_(162750C1/132635),,2
Tereza_14_Phase1_R16C6,SE201904_(162571C1/132329),,,1
Enzirabahima_14_Phase1_R25C1,SE201904_(162900C2/132466),SE201810_(162900C1/132512),,2
Kabucuragye_14_Phase1_R20C12,SE201904_(162621C1/132439),,,1
Entukura_14_Phase1_R4C7,SE201903_(162824C1/132316),,,1
Nakasabira_14_Phase1_R33C5,SE201905_(162853C1/132495),,,1
Nakasabira_14_Phase2_R32C4,SE201905_(163017C1/132330),,,1
29275S-1_14_R7P5,SE201810_(162374C1/132566),,,1
Kazirakwe_14_Phase1_R30C6,SE201810_(162729C1/132425),,,1
Nfuuka_14_Phase1_R15C5,SE201810_(162857C1/132625),,,1
Nakasabira_14_Phase1_R31C8,SE201811_(162724C1/132566),,,1
Enzirabahima_14_Phase2_R27C3,SE201811_(163100C1/132441),,,1
Nakasabira_14_Phase1_R33C14,SE201811_(162823C1/132403),,,1
Enzirabahima_14_Phase1_R25C5,SE201811_(162755C1/132649),SE201901_(162755C1/132649),SE201905_(162755C2/132412),3
Enzirabahima_16_Phase3_R25C3,SE201812_(163219C1/132522),,,1
Nakasabira_14_Phase2_R31C9,SE201812_(163146C1/132452),,,1
Entukura_14_Phase1_R4C18,SE201901_(162727C1/132566),,,1
Nakyetengu_14_Phase2_R9C10,SE201901_(162983C1/132425),,,1
Enzirabahima_14_Phase1_R26C13,SE201902_(162707C1/132507),,,1
Nakyetengu_14_Phase1_R9C7,SE201904_(162653C1/132355),,,1
Nfuuka_14_Phase2_R15C5,SE201902_(163152C1/132512),,,1
Enzirabahima_16_Phase3_R27C1,SE201902_(163410C1/132594),SE201904_(163410C2/132398),,2
Tereza_14_Phase1_R17C8,SE201902_(162667C1/132466),,,1
Nakyetengu_14_Phase1_R8C17,SE201903_(162522C1/132697),,,1
Entukura_14_Phase1_R4C13,SE201903_(162910C1/132576),,,1
Enzirabahima_14_Phase2_R26C1,SE201903_(C1/132623),,,1
Enzirabahima_14_Phase1_R26C8,SE201903_(162716C1/132355),,,1
Kazirakwe_14_Phase2_R29C1,SE201903_(163011C1/132623),,,1
Enzirabahima_14_Phase2_R27C8,SE201903_(163015C1/132467),,,1
Nakasabira_14_Phase1_R33C7,SE201903_(162895C1/132439),,,1
Kazirakwe_14_Phase2_R28C5,SE201903_(163153C1/132623),,,1
Kabucuragye_14_Phase1_R20C17,SE201904_(162809C1/132410),,,1
Kazirakwe_14_Phase1_R30C1,SE201904_(162567C1/132512),,,1
Enzirabahima_14_Phase1_R26C4,SE201904_(162530C2/132608),SE201811_(162530C1/132624),,2
Entukura_16_Phase3_R6C9,SE201905_(163210C2/132489),SE201811_(163210C1/132425),,2
Kazirakwe_14_Phase2_R29C9,SE201810_(162974C1/132441),,,1
Tereza_14_Phase1_R18C17,SE201811_(162897C1/132608),,,1
Nakasabira_14_Phase2_R31C2,SE201811_(163028C1/132649),,,1
Nakasabira_14_Phase2_R32C7,SE201811_(163052C1/132403),,,1
Tereza_14_Phase2_R17C2,SE201811_(162937C1/132650),SE201905_(162937C2/132684),,2
Tereza_14_Phase1_R17C12,SE201811_(162893C1/132348),,,1
Tereza_14_Phase1_R17C10,SE201811_(162736C1/132484),,,1
Entukura_16_Phase3_R5C9,SE201812_(163345C1/132332),SE201904_(163345C2/132410),,2
Nakasabira_14_Phase1_R33C3,SE201812_(162654C1/132379),,,1
Kazirakwe_14_Phase2_R28C4,SE201812_(163006C1/132555),,,1
Enzirabahima_14_Phase1_R25C18,SE201901_(162612C1/132330),SE201904_(162612C2/132355),,2
Nfuuka_14_Phase1_R15C2,SE201901_(162921C1/132316),,,1
29364S-2_14_R11P2,SE201901_(162354C1/132316),,,1
Entukura_14_Phase1_R5C6,SE201902_(162579C1/132594),,,1
Tereza_16_Phase3_R16C5,SE201902_(163190C1/132708),,,1
29275S-1_14_R8P8,SE201902_(162371C1/132494),SE201903_(162371C2/132581),,2
29275S-1_14_R8P2,SE201902_(162427C1/132325),SE201904_(162427C2/132614),,2
Nakasabira_16_Phase3_R31C3,SE201903_(163396C1/132534),,,1
Nakasabira_14_Phase2_R33C3,SE201903_(C1/132545),,,1
Kabucuragye_16_Phase3_R21C4,SE201903_(C1/132604),,,1
Enzirabahima_14_Phase2_R25C2,SE201903_(163075C1/132466),,,1
Nakasabira_14_Phase1_R32C15,SE201903_(162718C1/132348),,,1
Kabucuragye_14_Phase2_R21C2,SE201903_(163079C1/132308),,,1
Enzirabahima_14_Phase1_R27C4,SE201904_(162886C1/132466),,,1
Kazirakwe_14_Phase1_R30C16,SE201904_(162728C1/132512),,,1
Nfuuka_14_Phase2_R14C9,SE201904_(163027C1/132439),,,1
Nakasabira_14_Phase1_R31C18,SE201904_(162862C1/132512),,,1
Enzirabahima_14_Phase1_R26C2,SE201904_(162855C1/132439),,,1
Kabucuragye_14_Phase1_R19C12,SE201904_(162785C1/132604),,,1
Enzirabahima_14_Phase1_R25C4,SE201904_(162872C1/132701),,,1
Entukura_14_Phase1_R5C1,SE201904_(162868C1/132705),,,1
Nakasabira_14_Phase2_R32C9,SE201905_(163102C1/132466),,,1
Tereza_16_Phase3_R17C1,SE201905_(163224C1/132425),,,1
Nakyetengu_16_Phase3_R8C8,SE201905_(163322C1/132623),,,1
Enzirabahima_14_Phase1_R25C2,SE201905_(162734C1/132466),,,1
Enzirabahima_14_Phase2_R25C1,SE201810_(162957C1/132425),,,1
Kabucuragye_14_Phase1_R21C10,SE201810_(162800C1/132610),,,1
Nfuuka_14_Phase2_R14C10,SE201810_(163054C1/132684),SE201904_(163054C2/132512),,2
Enzirabahima_16_Phase3_R27C7,SE201811_(163373C1/132425),,,1
Enzirabahima_14_Phase1_R27C3,SE201811_(162666C1/132635),,,1
Nfuuka_16_Phase3_R15C2,SE201811_(163239C1/132316),,,1
Tereza_14_Phase1_R18C14,SE201811_(162803C1/132707),,,1
Kazirakwe_16_Phase3_R28C1,SE201812_(163264C1/132514),,,1
Kabucuragye_14_Phase2_R20C6,SE201812_(163113C1/132505),,,1
29364S-2_14_R12P3,SE201812_(162435C1/132708),,,1
Nakasabira_14_Phase2_R32C3,SE201901_(163020C1/132512),,,1
Enzirabahima_14_Phase1_R25C8,SE201902_(162898C1/132624),,,1
Nakyetengu_14_Phase2_R9C8,SE201902_(162977C1/132452),,,1
29275S-1_14_R7P3,SE201902_(162421C1/132608),,,1
Nakasabira_16_Phase3_R31C2,SE201902_(163268C1/132386),,,1
Nfuuka_14_Phase1_R14C2,SE201902_(162883C1/132696),,,1
Enzirabahima_14_Phase1_R27C13,SE201902_(162791C1/132684),,,1
Entukura_14_Phase1_R5C3,SE201903_(162611C1/132709),,,1
29275S-1_14_R8P5,SE201903_(162473C1/132575),,,1
Nakyetengu_14_Phase1_R7C6,SE201904_(162764C1/132522),,,1
Nakasabira_14_Phase1_R31C4,SE201903_(162546C1/132384),,,1
Enzirabahima_14_Phase2_R26C10,SE201903_(163047C1/132581),,,1
Kazirakwe_16_Phase3_R28C3,SE201903_(163397C1/132466),,,1
Nakasabira_14_Phase2_R33C8,SE201904_(163033C1/132705),,,1
Entukura_14_Phase2_R4C9,SE201904_(163161C2/132412),SE201901_(163161C1/132624),,2
Entukura_14_Phase2_R6C5,SE201904_(163121C1/132439),,,1
Enzirabahima_14_Phase1_R27C1,SE201904_(162590C1/132623),,,1
Kazirakwe_14_Phase2_R30C4,SE201905_(162990C2/132623),SE201811_(162990C1/132625),,2
Enzirabahima_14_Phase2_R25C7,SE201905_(162968C1/132434),,,1
Enzirabahima_14_Phase2_R27C5,SE201810_(162959C1/132498),SE201904_(162959C2/132623),,2
Enzirabahima_14_Phase1_R26C10,SE201810_(162737C1/132441),,,1
Entukura_14_Phase2_R5C9,SE201811_(163105C1/132330),SE201904_(163105C2/132466),,2
Kabucuragye_14_Phase2_R19C2,SE201811_(163140C1/132635),,,1
Kazirakwe_14_Phase2_R30C2,SE201811_(163004C1/132625),,,1
Kazirakwe_14_Phase1_R29C2,SE201811_(162805C1/132697),,,1
Entukura_16_Phase3_R5C7,SE201810_(155295C1/132696),SE201902_(163236C1/132355),,2
Entukura_14_Phase1_R6C18,SE201812_(162870C1/132625),,,1
Enzirabahima_14_Phase2_R25C5,SE201812_(163135C1/132514),,,1
Nfuuka_14_Phase2_R13C10,SE201901_(163108C1/132505),,,1
Tereza_14_Phase1_R16C1,SE201901_(162520C1/132348),,,1
Tereza_14_Phase2_R16C1,SE201901_(163080C1/132576),SE201905_(163080C2/132545),,2
Entukura_14_Phase1_R5C2,SE201902_(162741C1/132612),,,1
Tereza_16_Phase3_R17C7,SE201902_(163323C1/132361),,,1
Enzirabahima_14_Phase1_R26C5,SE201902_(162869C1/132552),,,1
Nakyetengu_14_Phase1_R7C13,SE201903_(162555C1/132392),,,1
29275S-4_14_R1P7,SE201903_(162422C1/132467),,,1
Nfuuka_14_Phase2_R13C7,SE201903_(162989C1/132705),,,1
Nfuuka_14_Phase2_R13C4,SE201904_(163095C1/132308),,,1
Enzirabahima_16_Phase3_R25C10,SE201904_(163275C1/132361),,,1
Enzirabahima_14_Phase1_R26C17,SE201904_(162686C1/132361),,,1
Kazirakwe_14_Phase2_R30C8,SE201904_(162964C1/132412),,,1
Kazirakwe_14_Phase1_R28C4,SE201904_(162693C1/132490),,,1
Entukura_14_Phase2_R5C6,SE201905_(162941C2/132361),SE201902_(162941C1/132680),,2
Enzirabahima_16_Phase3_R25C5,SE201905_(163375C2/132361),SE201810_(163375C1/132625),,2
29275S-1_14_R7P6,SE201905_(162454C1/132361),,,1
Entukura_14_Phase1_R4C6,SE201811_(162708C1/132624),,,1
Nfuuka_14_Phase1_R14C3,SE201905_(162560C1/132330),SE201905_(162560C2/132330),,2
Entukura_14_Phase2_R5C2,SE201905_(163097C2/132561),SE201904_(163097C1/132696),,2
Nakasabira_14_Phase1_R32C13,SE201810_(162548C1/132624),,,1
Tereza_16_Phase3_R17C4,SE201810_(163262C1/132505),SE201905_(163262C2/132425),,2
Entukura_14_Phase1_R4C4,SE201811_(162926C1/132684),,,1
Nakyetengu_16_Phase3_R7C3,SE201811_(163288C1/132566),,,1
Kabucuragye_14_Phase1_R19C14,SE201811_(162626C1/132379),,,1
Kazirakwe_16_Phase3_R29C1,SE201812_(163251C1/132649),,,1
Kabucuragye_14_Phase2_R19C10,SE201812_(163136C1/132709),,,1
Kabucuragye_16_Phase3_R21C5,SE201812_(163253C1/132379),,,1
Kazirakwe_14_Phase2_R29C7,SE201812_(162971C1/132332),,,1
Kazirakwe_14_Phase2_R28C10,SE201812_(162947C1/132697),,,1
29275S-4_14_R2P3,SE201812_(162484C1/132332),,,1
Enzirabahima_14_Phase1_R25C3,SE201902_(162565C1/132361),,,1
Nakyetengu_14_Phase2_R8C10,SE201902_(163092C1/132447),,,1
25974S-17_14_R5P1,SE201902_(162450C1/132447),,,1
29275S-1_14_R8P1,SE201902_(162353C1/132410),,,1
Nfuuka_14_Phase1_R14C4,SE201903_(162901C1/132571),,,1
29364S-2_14_R12P6,SE201903_(C1/132696),,,1
Kazirakwe_14_Phase2_R29C4,SE201903_(162949C1/132640),,,1
Tereza_16_Phase3_R17C8,SE201903_(163307C1/132348),,,1
Kazirakwe_16_Phase3_R30C3,SE201903_(163212C1/132396),,,1
Entukura_16_Phase3_R4C4,SE201904_(163404C2/132623),SE201811_(163404C1/132348),,2
Tereza_14_Phase2_R16C7,SE201904_(163096C1/132419),,,1
29364S-2_14_R10P3,SE201904_(162372C1/132696),,,1
Entukura_14_Phase2_R5C1,SE201904_(162963C1/132548),,,1
Kazirakwe_16_Phase3_R28C2,SE201904_(163304C1/132466),,,1
Entukura_14_Phase1_R4C16,SE201905_(162509C1/132358),,,1
25974S-17_14_R4P6,SE201905_(162488C1/132412),,,1
Entukura_14_Phase2_R6C3,SE201905_(163030C1/132316),,,1
Tereza_16_Phase3_R17C6,SE201905_(163207C1/132466),,,1
Entukura_14_Phase2_R4C2,SE201810_(162995C1/132610),,,1
Enzirabahima_14_Phase1_R27C10,SE201810_(162519C1/132316),,,1
Enzirabahima_16_Phase3_R26C4,SE201811_(163407C1/132348),SE201812_(163407C1/132316),,2
Nakyetengu_14_Phase1_R9C2,SE201812_(162840C1/132522),,,1
29364S-2_14_R12P2,SE201812_(162398C1/132316),,,1
Nakasabira_16_Phase3_R31C1,SE201812_(163218C1/132505),,,1
Tereza_14_Phase1_R16C17,SE201811_(162831C1/132610),SE201905_(162831C2/132625),,2
Tereza_14_Phase1_R18C10,SE201901_(162528C1/132316),,,1
Entukura_14_Phase2_R6C2,SE201901_(163145C1/132624),,,1
Entukura_14_Phase1_R4C17,SE201810_(162775C1/132441),SE201903_(162775C2/132316),,2
Nakyetengu_14_Phase1_R8C3,SE201902_(162888C1/132393),,,1
Tereza_16_Phase3_R17C10,SE201902_(163238C1/132696),,,1
25974S-17_14_R4P1,SE201902_(162368C1/132466),,,1
Nakasabira_14_Phase1_R31C1,SE201902_(162633C1/132308),,,1
Nakyetengu_14_Phase1_R9C13,SE201903_(162631C1/132548),,,1
Enzirabahima_14_Phase1_R26C16,SE201903_(162858C1/132452),,,1
29364S-2_14_R11P6,SE201903_(162373C1/132466),,,1
Nakyetengu_14_Phase1_R7C3,SE201810_(162514C1/132625),SE201902_(162514C1/132522),,2
Kabucuragye_16_Phase3_R21C6,SE201903_(163399C1/132533),,,1
Entukura_14_Phase1_R6C11,SE201810_(162600C1/132348),,,1
Enzirabahima_16_Phase3_R25C6,SE201904_(163365C1/132344),,,1
Entukura_14_Phase1_R4C9,SE201810_(162920C1/132505),SE201904_(162920C2/132412),SE201904_(162920C2/132428),3
29275S-4_14_R1P1,SE201904_(162459C1/132361),,,1
Nakyetengu_14_Phase1_R7C8,SE201810_(162554C1/132697),,,1
Nakyetengu_16_Phase3_R8C10,SE201904_(163332C2/132448),SE201811_(163332C1/132505),,2
Nakyetengu_14_Phase1_R8C5,SE201810_(162647C1/132624),SE201904_(162647C2/132308),,2
Tereza_14_Phase2_R18C10,SE201904_(163124C1/132425),,,1
Kazirakwe_16_Phase3_R29C7,SE201905_(163211C1/132608),,,1
25974S-17_14_R6P8,SE201811_(162378C1/132635),,,1
Kabucuragye_14_Phase1_R20C16,SE201811_(162894C1/132512),,,1
Nakasabira_14_Phase2_R33C10,SE201812_(163062C1/132348),,,1
Kazirakwe_16_Phase3_R28C9,SE201812_(163316C1/132373),,,1
29275S-1_14_R8P4,SE201812_(162428C1/132354),,,1
Kazirakwe_14_Phase2_R29C8,SE201812_(162992C1/132484),,,1
Nakyetengu_14_Phase1_R9C3,SE201811_(162529C1/132697),,,1
Entukura_14_Phase1_R6C4,SE201901_(162889C1/132625),,,1
Kabucuragye_16_Phase3_R20C7,SE201811_(163221C1/132403),,,1
29275S-4_14_R2P2,SE201902_(162449C1/132494),,,1
Nfuuka_14_Phase1_R13C6,SE201811_(162538C1/132709),SE201905_(162538C2/132448),,2
Nfuuka_14_Phase1_R15C9,SE201903_(162543C1/132316),,,1
Enzirabahima_16_Phase3_R26C8,SE201903_(163245C1/132623),,,1
Tereza_14_Phase1_R17C4,SE201811_(162572C1/132522),,,1
Entukura_14_Phase2_R5C3,SE201904_(163148C1/132594),,,1
Entukura_16_Phase3_R6C7,SE201811_(163185C1/132452),,,1
Nakyetengu_16_Phase3_R7C2,SE201812_(163172C1/132379),,,1
Entukura_14_Phase1_R4C11,SE201812_(162526C1/132684),,,1
Kazirakwe_16_Phase3_R28C5,SE201904_(163393C1/132705),,,1
Entukura_16_Phase3_R6C3,SE201904_(163270C1/132512),,,1
Enzirabahima_14_Phase2_R25C6,SE201904_(163125C2/132361),SE201811_(163125C1/132505),,2
Entukura_16_Phase3_R6C5,SE201904_(163361C1/132355),,,1
Nakasabira_16_Phase3_R33C5,SE201905_(163389C1/132571),,,1
Tereza_16_Phase3_R16C6,SE201905_(163271C1/132545),,,1
Entukura_16_Phase3_R4C6,SE201812_(163391C1/132709),,,1
Nfuuka_14_Phase1_R13C1,SE201812_(162742C1/132316),,,1
Kabucuragye_16_Phase3_R21C7,SE201810_(163240C1/132512),,,1
Kazirakwe_14_Phase1_R28C15,SE201810_(162784C1/132697),,,1
Kazirakwe_16_Phase3_R29C4,SE201811_(163189C1/132514),,,1
Kazirakwe_14_Phase2_R28C2,SE201811_(163064C1/132339),,,1
Nakasabira_14_Phase2_R33C9,SE201812_(163139C1/132316),,,1
Kazirakwe_14_Phase1_R29C17,SE201810_(162836C1/132307),,,1
Nfuuka_14_Phase1_R14C10,SE201901_(162672C1/132379),,,1
Entukura_14_Phase2_R6C7,SE201901_(162945C1/132433),,,1
Nakyetengu_14_Phase1_R9C6,SE201901_(162595C1/132709),,,1
Tereza_16_Phase3_R18C2,SE201902_(163249C1/132594),,,1
Nakasabira_14_Phase2_R33C7,SE201902_(163107C1/132308),SE201905_(163107C2/132705),,2
Nakasabira_14_Phase1_R32C14,SE201901_(162620C1/132625),,,1
Nakasabira_16_Phase3_R32C2,SE201903_(163360C1/132466),,,1
Nfuuka_14_Phase1_R14C12,SE201902_(162761C1/132425),,,1
Kazirakwe_16_Phase3_R30C5,SE201903_(163382C1/132701),,,1
Entukura_14_Phase1_R4C2,SE201901_(162776C1/132696),,,1
Entukura_16_Phase3_R6C6,SE201901_(163293C1/132640),,,1
Kazirakwe_16_Phase3_R28C8,SE201904_(163349C1/132439),,,1
29364S-2_14_R12P5,SE201905_(162431C1/132332),,,1
Entukura_14_Phase1_R6C15,SE201902_(162713C1/132452),,,1
Nfuuka_14_Phase1_R14C6,SE201902_(162720C1/132374),,,1
Enzirabahima_14_Phase2_R26C2,SE201902_(163060C1/132680),,,1
29364S-2_14_R10P4,SE201810_(162490C1/132635),,,1
Enzirabahima_14_Phase1_R26C14,SE201811_(162659C1/132697),,,1
Kazirakwe_14_Phase1_R30C7,SE201902_(162601C1/132441),,,1
Nakasabira_14_Phase1_R31C2,SE201811_(162677C1/132522),,,1
29275S-1_14_R8P3,SE201812_(162384C1/132325),,,1
Enzirabahima_16_Phase3_R26C10,SE201812_(163287C1/132697),,,1
Entukura_14_Phase1_R5C14,SE201812_(162500C1/132625),,,1
Tereza_14_Phase1_R17C3,SE201903_(162711C1/132379),,,1
Entukura_14_Phase1_R5C10,SE201902_(162885C1/132374),,,1
Nakyetengu_14_Phase2_R7C5,SE201903_(162962C1/132533),,,1
Entukura_16_Phase3_R6C8,SE201903_(163363C1/132604),,,1
29364S-2_14_R11P5,SE201904_(162485C1/132614),,,1
Entukura_14_Phase1_R6C3,SE201903_(162651C1/132507),,,1
Enzirabahima_16_Phase3_R25C1,SE201904_(163197C1/132623),,,1
Nfuuka_16_Phase3_R15C6,SE201904_(163226C1/132623),,,1
Nakyetengu_14_Phase1_R9C4,SE201903_(162712C1/132534),,,1
25974S-17_14_R5P5,SE201904_(162453C1/132614),,,1
29364S-2_14_R11P9,SE201904_(162365C1/132571),,,1
Entukura_14_Phase1_R5C11,SE201811_(162533C1/132316),,,1
Nfuuka_14_Phase1_R14C13,SE201903_(C1/132466),,,1
Nfuuka_16_Phase3_R13C3,SE201811_(163290C1/132498),,,1
Entukura_14_Phase1_R5C13,SE201903_(162524C1/132533),,,1
Enzirabahima_14_Phase1_R26C6,SE201811_(162752C1/132608),,,1
Tereza_16_Phase3_R18C1,SE201811_(163402C1/132522),,,1
29364S-2_14_R12P1,SE201812_(162494C1/132684),,,1
25974S-17_14_R5P8,SE201812_(162438C1/132631),,,1
Nfuuka_14_Phase2_R14C4,SE201812_(163063C1/132552),,,1
Nakasabira_14_Phase1_R32C10,SE201901_(162861C1/132505),,,1
Nfuuka_14_Phase1_R13C11,SE201901_(162614C1/132709),,,1
Entukura_14_Phase1_R6C1,SE201901_(162605C1/132374),,,1
Tereza_14_Phase2_R18C5,SE201902_(163068C1/132707),,,1
Entukura_14_Phase2_R4C3,SE201903_(163155C1/132534),,,1
29364S-2_14_R10P5,SE201903_(162362C1/132466),,,1
25974S-17_14_R4P3,SE201904_(162419C1/132469),,,1
Kabucuragye_16_Phase3_R19C10,SE201904_(163376C1/132705),,,1
Kabucuragye_14_Phase1_R20C4,SE201903_(162807C1/132383),,,1
Kazirakwe_16_Phase3_R29C5,SE201905_(163285C1/132604),,,1
Kabucuragye_16_Phase3_R19C7,SE201810_(163171C1/132348),,,1
Kazirakwe_16_Phase3_R29C2,SE201811_(163370C1/132610),,,1
Kazirakwe_14_Phase1_R30C13,SE201811_(162691C1/132452),,,1
29275S-4_14_R1P6,SE201812_(162486C1/132608),,,1
Nakyetengu_16_Phase3_R7C1,SE201812_(163201C1/132522),,,1
Nakyetengu_14_Phase1_R8C13,SE201904_(162913C1/132398),,,1
Nfuuka_14_Phase1_R13C2,SE201902_(162781C1/132612),,,1
Kazirakwe_14_Phase2_R28C9,SE201903_(163076C1/132705),,,1
29364S-2_14_R11P8,SE201904_(162430C1/132419),,,1
Kabucuragye_16_Phase3_R20C10,SE201904_(163259C1/132696),,,1
Kazirakwe_16_Phase3_R29C9,SE201905_(163214C1/132623),,,1
Nakyetengu_14_Phase1_R8C1,SE201811_(162550C1/132441),,,1
Kazirakwe_16_Phase3_R30C6,SE201810_(163174C1/132697),,,1
Nakasabira_16_Phase3_R31C4,SE201811_(163327C1/132522),,,1
25974S-17_14_R6P3,SE201811_(162478C1/132354),,,1
Tereza_14_Phase1_R17C17,SE201901_(162758C1/132709),,,1
Tereza_14_Phase1_R18C2,SE201901_(162726C1/132433),,,1
Entukura_14_Phase2_R5C7,SE201902_(162996C1/132640),,,1
29275S-4_14_R2P6,SE201903_(162357C1/132383),,,1
Tereza_14_Phase1_R16C8,SE201904_(162820C2/132308),SE201811_(162820C1/132610),,2
Entukura_14_Phase1_R6C17,SE201810_(162904C1/132709),SE201904_(162904C2/132522),,2
Kazirakwe_14_Phase1_R28C17,SE201811_(162643C1/132617),,,1
Nakasabira_14_Phase2_R32C1,SE201812_(163091C1/132608),,,1
Entukura_14_Phase1_R6C12,SE201904_(162851C2/132507),SE201812_(162851C1/132707),,2
Enzirabahima_16_Phase3_R26C1,SE201903_(163188C1/132355),,,1
29364S-2_14_R12P4,SE201904_(162377C1/132361),,,1
Entukura_14_Phase2_R5C4,SE201904_(163008C1/132412),,,1
Nakyetengu_14_Phase1_R7C1,SE201904_(162510C1/132696),,,1
Nakyetengu_16_Phase3_R8C9,SE201810_(163254C1/132441),SE201901_(163254C1/132441),,2
29364S-2_14_R10P2,SE201811_(162432C1/132512),SE201810_(162432C1/132315),,2
Nakasabira_16_Phase3_R32C4,SE201811_(163257C1/132566),,,1
Kabucuragye_14_Phase2_R19C8,SE201811_(163122C1/132696),,,1
Tereza_14_Phase1_R18C11,SE201901_(162814C1/132379),,,1
Enzirabahima_14_Phase1_R26C3,SE201901_(162535C1/132576),,,1
Nfuuka_14_Phase1_R14C15,SE201902_(162881C1/132401),,,1
Tereza_16_Phase3_R16C10,SE201902_(163359C1/132624),SE201810_(163359C1/132512),,2
Enzirabahima_14_Phase1_R26C1,SE201903_(162772C1/132696),,,1
Entukura_14_Phase1_R4C8,SE201904_(162602C1/132701),,,1
Nakyetengu_14_Phase1_R8C8,SE201905_(162825C1/132490),,,1
Tereza_14_Phase2_R17C9,SE201811_(162956C1/132348),,,1
Enzirabahima_14_Phase1_R26C15,SE201812_(162892C1/132498),SE201904_(162892C2/132548),,2
Nakyetengu_16_Phase3_R7C8,SE201812_(163403C1/132401),,,1
Nakasabira_14_Phase2_R31C8,SE201901_(163003C1/132625),,,1
Nakyetengu_14_Phase1_R9C17,SE201905_(162644C1/132604),,,1
Nfuuka_14_Phase1_R15C7,SE201812_(162745C1/132348),,,1
Enzirabahima_14_Phase1_R27C8,SE201901_(162589C1/132635),,,1
Tereza_14_Phase1_R16C5,SE201902_(162850C1/132552),,,1
Enzirabahima_14_Phase1_R27C11,SE201903_(162715C1/132381),,,1
Entukura_14_Phase1_R4C10,SE201810_(162843C1/132348),,,1
29364S-2_14_R12P7,SE201903_(162416C1/132614),,,1
Entukura_14_Phase2_R4C5,SE201903_(163046C1/132467),,,1
Tereza_14_Phase1_R16C2,SE201811_(162928C1/132709),,,1
Kazirakwe_14_Phase1_R30C5,SE201811_(162871C1/132498),,,1
Entukura_14_Phase2_R4C6,SE201811_(163151C1/132649),,,1
Enzirabahima_14_Phase1_R25C16,SE201812_(162682C1/132707),,,1
Nakyetengu_16_Phase3_R8C6,SE201812_(163387C1/132332),,,1
Enzirabahima_16_Phase3_R27C2,SE201811_(163252C1/132348),,,1
Tereza_16_Phase3_R18C8,SE201811_(163175C1/132555),,,1
Kabucuragye_16_Phase3_R21C1,SE201812_(163357C1/132381),,,1
Nfuuka_14_Phase1_R14C8,SE201812_(162890C1/132316),,,1
Enzirabahima_14_Phase1_R26C11,SE201901_(162627C1/132640),,,1
Tereza_14_Phase1_R18C15,SE201902_(162710C1/132383),,,1
Kazirakwe_14_Phase1_R30C2,SE201903_(162714C1/132379),,,1
Kazirakwe_16_Phase3_R30C2,SE201810_(163244C1/132348),SE201811_(163244C1/132339),,2
Enzirabahima_14_Phase2_R27C1,SE201902_(163170C1/132355),,,1
Kabucuragye_16_Phase3_R19C3,SE201812_(163330C1/132401),,,1
Kabucuragye_14_Phase1_R20C8,SE201902_(162930C1/132707),,,1
Enzirabahima_14_Phase2_R25C10,SE201903_(163035C1/132707),,,1
Nakasabira_14_Phase1_R31C3,SE201901_(162685C1/132709),,,1
Nfuuka_14_Phase1_R14C7,SE201903_(162854C1/132571),,,1
Nakasabira_14_Phase1_R33C6,SE201901_(162799C1/132348),,,1
Entukura_14_Phase1_R4C15,SE201903_(162544C1/132452),,,1
Nakasabira_14_Phase1_R31C16,SE201903_(162849C1/132373),,,1
Kazirakwe_14_Phase1_R28C12,SE201903_(162828C1/132355),,,1
Kazirakwe_14_Phase1_R28C9,SE201903_(162783C1/132701),,,1
25974S-17_14_R5P7,SE201811_(162412C1/132315),,,1
Nakyetengu_14_Phase1_R7C16,SE201904_(162874C1/132466),,,1
Nakyetengu_14_Phase1_R7C18,SE201904_(162830C1/132344),,,1
Kazirakwe_14_Phase1_R30C12,SE201903_(162818C1/132374),,,1
Kazirakwe_16_Phase3_R29C3,SE201903_(163295C1/132533),,,1
Kabucuragye_14_Phase1_R20C2,SE201811_(162566C1/132373),,,1
Enzirabahima_14_Phase1_R27C17,SE201901_(162786C1/132635),,,1
Kazirakwe_14_Phase1_R28C5,SE201903_(162731C1/132441),,,1
Kazirakwe_16_Phase3_R29C6,SE201903_(163409C1/132623),,,1
Enzirabahima_14_Phase2_R25C3,SE201811_(162979C1/132475),,,1
Enzirabahima_14_Phase1_R27C16,SE201903_(162875C1/132410),,,1
Nakyetengu_14_Phase1_R8C15,SE201904_(162645C1/132361),,,1
Kabucuragye_14_Phase1_R19C9,SE201904_(162844C1/132466),,,1
Nakasabira_14_Phase2_R33C6,SE201901_(163002C1/132635),,,1
Tereza_14_Phase2_R16C9,SE201901_(163058C1/132381),,,1
Kabucuragye_14_Phase1_R19C13,SE201905_(162660C1/132448),,,1
Nfuuka_14_Phase2_R14C8,SE201905_(162965C1/132568),,,1
Nakasabira_14_Phase2_R32C2,SE201903_(163120C1/132425),,,1
29364S-2_14_R11P4,SE201903_(162405C1/132571),,,1
Kabucuragye_14_Phase1_R20C1,SE201905_(162706C1/132705),,,1
Kazirakwe_14_Phase1_R28C16,SE201905_(162551C1/132425),,,1
Kabucuragye_14_Phase2_R19C3,SE201810_(163090C1/132709),,,1
Kabucuragye_14_Phase1_R21C8,SE201810_(162663C1/132624),,,1
Nfuuka_14_Phase1_R13C10,SE201810_(162504C1/132625),SE201904_(162504C2/132608),,2
Kabucuragye_14_Phase1_R20C13,SE201811_(162769C1/132617),,,1
Entukura_14_Phase1_R6C16,SE201902_(162657C1/132386),,,1
Tereza_14_Phase1_R16C9,SE201811_(162721C1/132505),,,1
Tereza_14_Phase1_R18C12,SE201811_(162860C1/132617),,,1
Kazirakwe_14_Phase1_R28C14,SE201811_(162675C1/132640),,,1
Tereza_16_Phase3_R18C4,SE201812_(163215C1/132484),,,1
Nfuuka_14_Phase1_R14C11,SE201812_(162763C1/132684),,,1
Entukura_16_Phase3_R5C1,SE201901_(163203C1/132696),,,1
Enzirabahima_14_Phase1_R26C18,SE201901_(162873C1/132635),,,1
Kazirakwe_16_Phase3_R28C6,SE201901_(163237C1/132548),,,1
Nfuuka_14_Phase1_R15C3,SE201902_(162782C1/132393),,,1
Nfuuka_14_Phase1_R13C17,SE201902_(162730C1/132470),,,1
Kabucuragye_16_Phase3_R20C9,SE201902_(163233C1/132641),,,1
Tereza_14_Phase2_R18C8,SE201812_(162935C1/132514),,,1
Kabucuragye_16_Phase3_R19C5,SE201902_(163180C1/132410),,,1
Entukura_14_Phase1_R4C5,SE201902_(162609C1/132640),,,1
Nfuuka_14_Phase1_R13C15,SE201902_(162856C1/132707),,,1
Enzirabahima_16_Phase3_R27C4,SE201903_(163325C1/132608),,,1
Nakyetengu_14_Phase1_R8C16,SE201903_(162879C1/132625),,,1
Kabucuragye_16_Phase3_R20C3,SE201903_(163328C1/132705),,,1
Kazirakwe_14_Phase1_R29C16,SE201903_(162507C1/132355),,,1
Nakasabira_14_Phase1_R33C8,SE201903_(162649C1/132548),,,1
Tereza_14_Phase2_R17C1,SE201811_(162984C1/132697),,,1
Nakyetengu_14_Phase2_R7C10,SE201812_(163127C1/132533),,,1
Entukura_14_Phase1_R6C2,SE201903_(162925C1/132466),,,1
Nakyetengu_14_Phase2_R8C3,SE201811_(163044C1/132617),,,1
Enzirabahima_14_Phase1_R25C13,SE201904_(162887C1/132548),,,1
Kazirakwe_14_Phase1_R28C18,SE201904_(162639C1/132623),,,1
Nfuuka_14_Phase1_R15C8,SE201904_(162637C1/132512),,,1
Kabucuragye_14_Phase1_R21C9,SE201904_(162760C1/132490),,,1
Nakyetengu_14_Phase2_R8C5,SE201811_(163103C1/132373),,,1
Kazirakwe_16_Phase3_R30C7,SE201903_(163318C1/132396),,,1
Kazirakwe_14_Phase1_R28C6,SE201905_(162845C1/132594),,,1
Entukura_14_Phase1_R5C7,SE201812_(162681C1/132316),,,1
Entukura_14_Phase2_R4C7,SE201905_(163051C1/132684),,,1
Nakasabira_16_Phase3_R33C2,SE201810_(163312C1/132635),,,1
Tereza_14_Phase1_R16C10,SE201810_(162792C1/132512),,,1
